<?xml version="1.0"?>
<!DOCTYPE hibernate-mapping PUBLIC "-//Hibernate/Hibernate Mapping DTD 3.0//EN"
"http://www.hibernate.org/dtd/hibernate-mapping-3.0.dtd">
<!-- Generated Jan 13, 2019 7:43:34 PM by Hibernate Tools 4.3.1 -->
<hibernate-mapping>
    <class name="databaseConfig.Attachments" table="attachments" catalog="agozaerp01" optimistic-lock="version">
        <comment>????????? ????????</comment>
        <id name="idAttachments" type="int">
            <column name="idAttachments" />
            <generator class="assigned" />
        </id>
        <property name="serial" type="java.lang.Integer">
            <column name="Serial" />
        </property>
        <property name="cinvoicNum" type="string">
            <column name="cInvoicNum" length="45" />
        </property>
        <property name="cattaced" type="string">
            <column name="cAttaced" length="45" />
        </property>
        <property name="note" type="string">
            <column name="Note" length="200" />
        </property>
        <property name="cissueDate" type="timestamp">
            <column name="cIssueDate" length="26" />
        </property>
    </class>
</hibernate-mapping>
