<?xml version="1.0"?>
<!DOCTYPE hibernate-mapping PUBLIC "-//Hibernate/Hibernate Mapping DTD 3.0//EN"
"http://www.hibernate.org/dtd/hibernate-mapping-3.0.dtd">
<!-- Generated Jan 13, 2019 7:43:34 PM by Hibernate Tools 4.3.1 -->
<hibernate-mapping>
    <class name="databaseConfig.Books" table="books" catalog="agozaerp01" optimistic-lock="version">
        <comment>????? ?????????</comment>
        <id name="code" type="string">
            <column name="code" length="3" />
            <generator class="assigned" />
        </id>
        <many-to-one name="emps" class="databaseConfig.Emps" fetch="select">
            <column name="User" length="20" />
        </many-to-one>
        <many-to-one name="usergroup" class="databaseConfig.Usergroup" fetch="select">
            <column name="UserGroup" length="4" />
        </many-to-one>
        <property name="nameAr" type="string">
            <column name="NameAr" length="45" />
        </property>
        <property name="nameEn" type="string">
            <column name="NameEn" length="45" />
        </property>
        <property name="note" type="string">
            <column name="Note" length="200" />
        </property>
        <property name="dbCode" type="string">
            <column name="dbCode" length="45" />
        </property>
        <property name="tran" type="java.lang.Boolean">
            <column name="tran" />
        </property>
        <property name="store" type="string">
            <column name="Store" length="45" />
        </property>
        <property name="system" type="java.lang.Boolean">
            <column name="system" />
        </property>
        <property name="autoSerial" type="java.lang.Boolean">
            <column name="autoSerial" />
        </property>
        <property name="startNo" type="java.lang.Integer">
            <column name="startNo" />
        </property>
        <property name="size" type="java.lang.Integer">
            <column name="Size" />
        </property>
        <property name="endNo" type="java.lang.Integer">
            <column name="endNo" />
        </property>
        <property name="postedType" type="string">
            <column name="postedType" length="45" />
        </property>
        <property name="formPrint" type="string">
            <column name="formPrint" length="45" />
        </property>
        <property name="printWithSave" type="java.lang.Boolean">
            <column name="printWithSave" />
        </property>
        <set name="doctypes" table="doctype" inverse="true" lazy="true" fetch="select">
            <key>
                <column name="book" length="3" />
            </key>
            <one-to-many class="databaseConfig.Doctype" />
        </set>
    </class>
</hibernate-mapping>
