<?xml version="1.0"?>
<!DOCTYPE hibernate-mapping PUBLIC "-//Hibernate/Hibernate Mapping DTD 3.0//EN"
"http://www.hibernate.org/dtd/hibernate-mapping-3.0.dtd">
<!-- Generated Jan 13, 2019 7:43:34 PM by Hibernate Tools 4.3.1 -->
<hibernate-mapping>
    <class name="databaseConfig.Doctype" table="doctype" catalog="agozaerp01" optimistic-lock="version">
        <comment>????? ?????????</comment>
        <id name="code" type="string">
            <column name="Code" length="45" />
            <generator class="assigned" />
        </id>
        <many-to-one name="books" class="databaseConfig.Books" fetch="select">
            <column name="book" length="3" />
        </many-to-one>
        <many-to-one name="emps" class="databaseConfig.Emps" fetch="select">
            <column name="User" length="20" />
        </many-to-one>
        <many-to-one name="usergroup" class="databaseConfig.Usergroup" fetch="select">
            <column name="userGroup" length="4" />
        </many-to-one>
        <many-to-one name="wh" class="databaseConfig.Wh" fetch="select">
            <column name="wh" length="3" />
        </many-to-one>
        <property name="nameAr" type="string">
            <column name="NameAr" length="45" />
        </property>
        <property name="nameEn" type="string">
            <column name="NameEn" length="45" />
        </property>
        <property name="system" type="java.lang.Boolean">
            <column name="System" />
        </property>
        <property name="depit" type="string">
            <column name="depit" length="45" />
        </property>
        <property name="credit" type="string">
            <column name="credit" length="45" />
        </property>
        <property name="disc" type="string">
            <column name="disc" length="45" />
        </property>
        <property name="mony" type="string">
            <column name="Mony" length="45" />
        </property>
        <property name="taxs" type="string">
            <column name="Taxs" length="45" />
        </property>
        <property name="costCenter" type="string">
            <column name="CostCenter" length="45" />
        </property>
        <property name="note" type="string">
            <column name="Note" length="200" />
        </property>
    </class>
</hibernate-mapping>
