<?xml version="1.0"?>
<!DOCTYPE hibernate-mapping PUBLIC "-//Hibernate/Hibernate Mapping DTD 3.0//EN"
"http://www.hibernate.org/dtd/hibernate-mapping-3.0.dtd">
<!-- Generated Jan 13, 2019 7:43:34 PM by Hibernate Tools 4.3.1 -->
<hibernate-mapping>
    <class name="databaseConfig.Emps" table="emps" catalog="agozaerp01" optimistic-lock="version">
        <id name="ccode" type="string">
            <column name="cCode" length="20" />
            <generator class="assigned" />
        </id>
        <many-to-one name="usergroup" class="databaseConfig.Usergroup" fetch="select">
            <column name="cUserGroup" length="4" />
        </many-to-one>
        <property name="cname1" type="string">
            <column name="cName1" length="150" />
        </property>
        <property name="cname2" type="string">
            <column name="cName2" length="150" />
        </property>
        <property name="cshortName1" type="string">
            <column name="cShortName1" length="15" />
        </property>
        <property name="cshortName2" type="string">
            <column name="cShortName2" length="15" />
        </property>
        <property name="ccountry" type="string">
            <column name="cCountry" length="20" />
        </property>
        <property name="dbirth" type="string">
            <column name="dBirth" length="9" />
        </property>
        <property name="crelg" type="string">
            <column name="cRelg" length="20" />
        </property>
        <property name="ivacationDays" type="java.lang.Short">
            <column name="iVacationDays" />
        </property>
        <property name="iidelDays" type="string">
            <column name="iIdelDays" length="15" />
        </property>
        <property name="cfstatus" type="string">
            <column name="cFStatus" length="20" />
        </property>
        <property name="cjob" type="string">
            <column name="cJob" length="25" />
        </property>
        <property name="fsalary" type="java.lang.Float">
            <column name="fSalary" precision="12" scale="0" />
        </property>
        <property name="dcntrStart" type="date">
            <column name="dCntrStart" length="10" />
        </property>
        <property name="dcntrEnd" type="date">
            <column name="dCntrEnd" length="10" />
        </property>
        <property name="dvacation" type="date">
            <column name="dVacation" length="10" />
        </property>
        <property name="cidNum" type="string">
            <column name="cIdNum" length="15" />
        </property>
        <property name="didSdate" type="date">
            <column name="dIdSdate" length="10" />
        </property>
        <property name="didEdate" type="date">
            <column name="dIdEdate" length="10" />
        </property>
        <property name="cpassNum" type="string">
            <column name="cPassNum" length="50" />
        </property>
        <property name="dpassSdate" type="date">
            <column name="dPassSdate" length="10" />
        </property>
        <property name="dpassEdate" type="date">
            <column name="dPassEdate" length="10" />
        </property>
        <property name="ccarInfo" type="string">
            <column name="cCarInfo" length="40" />
        </property>
        <property name="cdriveLicence" type="string">
            <column name="cDriveLicence" length="20" />
        </property>
        <property name="ddriveSdate" type="date">
            <column name="dDriveSdate" length="10" />
        </property>
        <property name="ddriveEdate" type="date">
            <column name="dDriveEdate" length="10" />
        </property>
        <property name="chomeTel" type="string">
            <column name="cHomeTel" length="20" />
        </property>
        <property name="cdebtorAcc" type="string">
            <column name="cDebtorAcc" length="20" />
        </property>
        <property name="cglAccount" type="string">
            <column name="cGlAccount" length="20" />
        </property>
        <property name="callowancesAcc" type="string">
            <column name="cAllowancesAcc" length="20" />
        </property>
        <property name="cloansAcc" type="string">
            <column name="cLoansAcc" length="20" />
        </property>
        <property name="cindemnityAcc" type="string">
            <column name="cIndemnityAcc" length="20" />
        </property>
        <property name="cticketAcc" type="string">
            <column name="cTicketAcc" length="20" />
        </property>
        <property name="cleaveAcc" type="string">
            <column name="cLeaveAcc" length="20" />
        </property>
        <property name="cotherAcc1" type="string">
            <column name="cOtherAcc1" length="20" />
        </property>
        <property name="ccostCenter" type="string">
            <column name="cCostCenter" length="20" />
        </property>
        <property name="ccostCenter2" type="string">
            <column name="cCostCenter2" length="20" />
        </property>
        <property name="ccostCenter3" type="string">
            <column name="cCostCenter3" length="20" />
        </property>
        <property name="ccostCenter4" type="string">
            <column name="cCostCenter4" length="20" />
        </property>
        <property name="ccostCenter5" type="string">
            <column name="cCostCenter5" length="20" />
        </property>
        <property name="lisSales" type="java.lang.Boolean">
            <column name="lIsSales" />
        </property>
        <property name="lisCollector" type="java.lang.Boolean">
            <column name="lIsCollector" />
        </property>
        <property name="lisUser" type="java.lang.Boolean">
            <column name="lIsUser" />
        </property>
        <property name="cmenus" type="string">
            <column name="cMenus" length="512" />
        </property>
        <property name="cbranches" type="string">
            <column name="cBranches" length="250" />
        </property>
        <property name="cbankInfo" type="string">
            <column name="cBankInfo" length="20" />
        </property>
        <property name="cpassWord" type="string">
            <column name="cPassWord" length="50" />
        </property>
        <property name="cdept1" type="string">
            <column name="cDept1" length="20" />
        </property>
        <property name="cdept2" type="string">
            <column name="cDept2" length="20" />
        </property>
        <property name="cdept3" type="string">
            <column name="cDept3" length="20" />
        </property>
        <property name="fitemDiscountR" type="java.lang.Float">
            <column name="fItemDiscountR" precision="12" scale="0" />
        </property>
        <property name="fitemDiscountW" type="java.lang.Float">
            <column name="fItemDiscountW" precision="12" scale="0" />
        </property>
        <property name="fitemDiscountP" type="java.lang.Float">
            <column name="fItemDiscountP" precision="12" scale="0" />
        </property>
        <property name="fflatDiscountPer" type="java.lang.Float">
            <column name="fFlatDiscountPer" precision="12" scale="0" />
        </property>
        <property name="grePrinting" type="java.lang.Integer">
            <column name="gRePrinting" />
        </property>
        <property name="ldesignReps" type="java.lang.Boolean">
            <column name="lDesignReps" />
        </property>
        <property name="lnoSaleBelowCost" type="java.lang.Boolean">
            <column name="lNoSaleBelowCost" />
        </property>
        <property name="lmovePriceUp" type="java.lang.Boolean">
            <column name="lMovePriceUp" />
        </property>
        <property name="lonPayRoll" type="java.lang.Boolean">
            <column name="lOnPayRoll" />
        </property>
        <property name="leditPrintedDoc" type="java.lang.Boolean">
            <column name="lEditPrintedDoc" />
        </property>
        <property name="lrelaxPrice" type="java.lang.Boolean">
            <column name="lRelaxPrice" />
        </property>
        <property name="lrelaxDisc" type="java.lang.Boolean">
            <column name="lRelaxDisc" />
        </property>
        <property name="cuser1" type="string">
            <column name="cUser1" length="60" />
        </property>
        <property name="cuser2" type="string">
            <column name="cUser2" length="60" />
        </property>
        <property name="cuser3" type="string">
            <column name="cUser3" length="60" />
        </property>
        <property name="cuser4" type="string">
            <column name="cUser4" length="60" />
        </property>
        <property name="cuser5" type="string">
            <column name="cUser5" length="60" />
        </property>
        <property name="cuser6" type="string">
            <column name="cUser6" length="60" />
        </property>
        <property name="cuser7" type="string">
            <column name="cUser7" length="60" />
        </property>
        <property name="cuser8" type="string">
            <column name="cUser8" length="60" />
        </property>
        <property name="cuser9" type="string">
            <column name="cUser9" length="60" />
        </property>
        <property name="cuser10" type="string">
            <column name="cUser10" length="60" />
        </property>
        <property name="cuser11" type="string">
            <column name="cUser11" length="60" />
        </property>
        <property name="cuser12" type="string">
            <column name="cUser12" length="60" />
        </property>
        <property name="cuser13" type="string">
            <column name="cUser13" length="60" />
        </property>
        <property name="cuser14" type="string">
            <column name="cUser14" length="60" />
        </property>
        <property name="cuser15" type="string">
            <column name="cUser15" length="60" />
        </property>
        <property name="cuser16" type="string">
            <column name="cUser16" length="60" />
        </property>
        <property name="cuser17" type="string">
            <column name="cUser17" length="60" />
        </property>
        <property name="cuser18" type="string">
            <column name="cUser18" length="60" />
        </property>
        <property name="cuser19" type="string">
            <column name="cUser19" length="60" />
        </property>
        <property name="cuser20" type="string">
            <column name="cUser20" length="60" />
        </property>
        <property name="clongDesc" type="string">
            <column name="cLongDesc" length="1024" />
        </property>
        <property name="cemail" type="string">
            <column name="cEMail" length="80" />
        </property>
        <property name="cmobile" type="string">
            <column name="cMobile" length="20" />
        </property>
        <property name="ccurrAddr" type="string">
            <column name="cCurrAddr" length="256" />
        </property>
        <property name="cpermAddr" type="string">
            <column name="cPermAddr" length="256" />
        </property>
        <property name="cnextOfKin" type="string">
            <column name="cNextOfKin" length="256" />
        </property>
        <property name="cmilitaryServ" type="string">
            <column name="cMilitaryServ" length="150" />
        </property>
        <property name="cbank" type="string">
            <column name="cBank" length="60" />
        </property>
        <property name="ichildren" type="java.lang.Short">
            <column name="iChildren" />
        </property>
        <property name="imaritalStatus" type="string">
            <column name="iMaritalStatus" length="15" />
        </property>
        <property name="cdeptCode" type="string">
            <column name="cDeptCode" length="20" />
        </property>
        <property name="cjobCode" type="string">
            <column name="cJobCode" length="20" />
        </property>
        <property name="cgender" type="java.lang.Short">
            <column name="cGender" />
        </property>
        <property name="cqualifications" type="string">
            <column name="cQualifications" length="150" />
        </property>
        <property name="fannualVacations" type="java.lang.Float">
            <column name="fAnnualVacations" precision="12" scale="0" />
        </property>
        <property name="fotherVacations" type="java.lang.Float">
            <column name="fOtherVacations" precision="12" scale="0" />
        </property>
        <property name="fyearlyAnnualVacs" type="java.lang.Float">
            <column name="fYearlyAnnualVacs" precision="12" scale="0" />
        </property>
        <property name="fyearlyOtherVacs" type="java.lang.Float">
            <column name="fYearlyOtherVacs" precision="12" scale="0" />
        </property>
        <property name="dvacsLastUpdate" type="date">
            <column name="dVacsLastUpdate" length="10" />
        </property>
        <property name="finitAnnualVacations" type="java.lang.Float">
            <column name="fInitAnnualVacations" precision="12" scale="0" />
        </property>
        <property name="finitOtherVacations" type="java.lang.Float">
            <column name="fInitOtherVacations" precision="12" scale="0" />
        </property>
        <property name="finitYearlyAnnualVacs" type="java.lang.Float">
            <column name="fInitYearlyAnnualVacs" precision="12" scale="0" />
        </property>
        <property name="finitYearlyOtherVacs" type="java.lang.Float">
            <column name="fInitYearlyOtherVacs" precision="12" scale="0" />
        </property>
        <property name="dinitVacsLastUpdate" type="date">
            <column name="dInitVacsLastUpdate" length="10" />
        </property>
        <property name="dworkStartDate" type="date">
            <column name="dWorkStartDate" length="10" />
        </property>
        <property name="icontractType" type="java.lang.Short">
            <column name="iContractType" />
        </property>
        <property name="iattendanceType" type="java.lang.Short">
            <column name="iAttendanceType" />
        </property>
        <property name="iresignProvType" type="java.lang.Short">
            <column name="iResignProvType" />
        </property>
        <property name="csyndicateName" type="string">
            <column name="cSyndicateName" length="60" />
        </property>
        <property name="csyndicateId" type="string">
            <column name="cSyndicateID" length="20" />
        </property>
        <property name="csocialSecId" type="string">
            <column name="cSocialSecID" length="20" />
        </property>
        <property name="chealthInsId" type="string">
            <column name="cHealthInsID" length="20" />
        </property>
        <property name="dhealthInsEnd" type="date">
            <column name="dHealthInsEnd" length="10" />
        </property>
        <property name="fmaxAnnualVacs" type="java.lang.Float">
            <column name="fMaxAnnualVacs" precision="12" scale="0" />
        </property>
        <property name="iannualVacApply" type="java.lang.Short">
            <column name="iAnnualVacApply" />
        </property>
        <property name="ireservedVacApply" type="java.lang.Short">
            <column name="iReservedVacApply" />
        </property>
        <property name="csalarySchedule" type="string">
            <column name="cSalarySchedule" length="20" />
        </property>
        <property name="cbrCode" type="string">
            <column name="cBrCode" length="3" />
        </property>
        <property name="cempClass" type="string">
            <column name="cEmpClass" length="20" />
        </property>
        <property name="csalaryCurr" type="string">
            <column name="cSalaryCurr" length="5" />
        </property>
        <property name="fresidence" type="java.lang.Float">
            <column name="fResidence" precision="12" scale="0" />
        </property>
        <property name="ftransportation" type="java.lang.Float">
            <column name="fTransportation" precision="12" scale="0" />
        </property>
        <property name="fworkNature" type="java.lang.Float">
            <column name="fWorkNature" precision="12" scale="0" />
        </property>
        <property name="fsocial" type="java.lang.Float">
            <column name="fSocial" precision="12" scale="0" />
        </property>
        <property name="cslryDskForm" type="string">
            <column name="cSlryDskForm" length="64" />
        </property>
        <property name="iprice" type="java.lang.Short">
            <column name="iPrice" />
        </property>
        <property name="fnetDailyRate" type="java.lang.Float">
            <column name="fNetDailyRate" precision="12" scale="0" />
        </property>
        <property name="fcostRate" type="java.lang.Float">
            <column name="fCostRate" precision="12" scale="0" />
        </property>
        <property name="fgrossDailyRate" type="java.lang.Float">
            <column name="fGrossDailyRate" precision="12" scale="0" />
        </property>
        <property name="fgrossHourlyRate" type="java.lang.Float">
            <column name="fGrossHourlyRate" precision="12" scale="0" />
        </property>
        <property name="lautoCalcRates" type="java.lang.Byte">
            <column name="lAutoCalcRates" />
        </property>
        <property name="lisJob" type="java.lang.Byte">
            <column name="lIsJob" />
        </property>
        <property name="idistributable" type="java.lang.Short">
            <column name="iDistributable" />
        </property>
        <property name="cdistPlan" type="string">
            <column name="cDistPlan" length="512" />
        </property>
        <property name="iuaimplRole" type="java.lang.Short">
            <column name="iUAImplRole" />
        </property>
        <property name="iuatechRole" type="java.lang.Short">
            <column name="iUATechRole" />
        </property>
        <property name="lnoSaleBelowMinPrice" type="java.lang.Byte">
            <column name="lNoSaleBelowMinPrice" />
        </property>
        <property name="isiteId" type="java.lang.Short">
            <column name="iSiteId" />
        </property>
        <property name="ccodingGroup" type="string">
            <column name="cCodingGroup" length="20" />
        </property>
        <property name="lposret" type="java.lang.Byte">
            <column name="lPOSRET" />
        </property>
        <property name="lposcrd" type="java.lang.Byte">
            <column name="lPOSCRD" />
        </property>
        <property name="lposdline" type="java.lang.Byte">
            <column name="lPOSDLine" />
        </property>
        <property name="lresrv1" type="java.lang.Byte">
            <column name="lResrv1" />
        </property>
        <property name="lresrv2" type="java.lang.Byte">
            <column name="lResrv2" />
        </property>
        <property name="lresrv3" type="java.lang.Byte">
            <column name="lResrv3" />
        </property>
        <property name="lresrv4" type="java.lang.Byte">
            <column name="lResrv4" />
        </property>
        <property name="lresrv5" type="java.lang.Byte">
            <column name="lResrv5" />
        </property>
        <property name="cshiftCode" type="string">
            <column name="cShiftCode" length="20" />
        </property>
        <property name="inormalNotificationMethod" type="java.lang.Short">
            <column name="iNormalNotificationMethod" />
        </property>
        <property name="iimportantNotificationMethod" type="java.lang.Short">
            <column name="iImportantNotificationMethod" />
        </property>
        <property name="iveryImportantNotificationMethod" type="java.lang.Short">
            <column name="iVeryImportantNotificationMethod" />
        </property>
        <property name="lopenToDoOnStartup" type="java.lang.Byte">
            <column name="lOpenToDoOnStartup" />
        </property>
        <property name="cdirectSupervisorCode" type="string">
            <column name="cDirectSupervisorCode" length="20" />
        </property>
        <property name="tempsX00" type="string">
            <column name="tEmps_x00" length="20" />
        </property>
        <property name="tempsX01" type="string">
            <column name="tEmps_x01" length="96" />
        </property>
        <property name="tempsX02" type="string">
            <column name="tEmps_x02" length="52" />
        </property>
        <property name="tempsX03" type="string">
            <column name="tEmps_x03" length="52" />
        </property>
        <property name="tempsX04" type="string">
            <column name="tEmps_x04" length="35" />
        </property>
        <property name="empsObjectid" type="string">
            <column name="EmpsOBJECTID" length="32" />
        </property>
        <set name="TInBHsForCsalesMan" table="t_in_b_h" inverse="true" lazy="true" fetch="select">
            <key>
                <column name="cSalesMan" length="20" />
            </key>
            <one-to-many class="databaseConfig.TInBH" />
        </set>
        <set name="TOutRHs" table="t_out_r_h" inverse="true" lazy="true" fetch="select">
            <key>
                <column name="cSalesMan" length="20" />
            </key>
            <one-to-many class="databaseConfig.TOutRH" />
        </set>
        <set name="TInBHsForCuser" table="t_in_b_h" inverse="true" lazy="true" fetch="select">
            <key>
                <column name="cUser" length="20" />
            </key>
            <one-to-many class="databaseConfig.TInBH" />
        </set>
        <set name="TInBDs" table="t_in_b_d" inverse="true" lazy="true" fetch="select">
            <key>
                <column name="cSalesMan" length="20" />
            </key>
            <one-to-many class="databaseConfig.TInBD" />
        </set>
        <set name="vcses" table="vcs" inverse="true" lazy="true" fetch="select">
            <key>
                <column name="cSalesMan" length="20" />
            </key>
            <one-to-many class="databaseConfig.Vcs" />
        </set>
        <set name="TOutBDs" table="t_out_b_d" inverse="true" lazy="true" fetch="select">
            <key>
                <column name="cSalesMan" length="20" />
            </key>
            <one-to-many class="databaseConfig.TOutBD" />
        </set>
        <set name="TTrnsRDs" table="t_trns_r_d" inverse="true" lazy="true" fetch="select">
            <key>
                <column name="cSalesMan" length="20" />
            </key>
            <one-to-many class="databaseConfig.TTrnsRD" />
        </set>
        <set name="TTrnsBDs" table="t_trns_b_d" inverse="true" lazy="true" fetch="select">
            <key>
                <column name="cSalesMan" length="20" />
            </key>
            <one-to-many class="databaseConfig.TTrnsBD" />
        </set>
        <set name="doctypes" table="doctype" inverse="true" lazy="true" fetch="select">
            <key>
                <column name="User" length="20" />
            </key>
            <one-to-many class="databaseConfig.Doctype" />
        </set>
        <set name="TTrnsRHs" table="t_trns_r_h" inverse="true" lazy="true" fetch="select">
            <key>
                <column name="cSalesMan" length="20" />
            </key>
            <one-to-many class="databaseConfig.TTrnsRH" />
        </set>
        <set name="rectransactions" table="rectransaction" inverse="true" lazy="true" fetch="select">
            <key>
                <column name="User" length="20" not-null="true" />
            </key>
            <one-to-many class="databaseConfig.Rectransaction" />
        </set>
        <set name="bookses" table="books" inverse="true" lazy="true" fetch="select">
            <key>
                <column name="User" length="20" />
            </key>
            <one-to-many class="databaseConfig.Books" />
        </set>
        <set name="TInRHs" table="t_in_r_h" inverse="true" lazy="true" fetch="select">
            <key>
                <column name="cSalesMan" length="20" />
            </key>
            <one-to-many class="databaseConfig.TInRH" />
        </set>
        <set name="TTrnsBHs" table="t_trns_b_h" inverse="true" lazy="true" fetch="select">
            <key>
                <column name="cSalesMan" length="20" />
            </key>
            <one-to-many class="databaseConfig.TTrnsBH" />
        </set>
        <set name="TOutBHs" table="t_out_b_h" inverse="true" lazy="true" fetch="select">
            <key>
                <column name="cSalesMan" length="20" />
            </key>
            <one-to-many class="databaseConfig.TOutBH" />
        </set>
        <set name="TOutRDs" table="t_out_r_d" inverse="true" lazy="true" fetch="select">
            <key>
                <column name="cSalesMan" length="20" />
            </key>
            <one-to-many class="databaseConfig.TOutRD" />
        </set>
        <set name="TInRDs" table="t_in_r_d" inverse="true" lazy="true" fetch="select">
            <key>
                <column name="cSalesMan" length="20" />
            </key>
            <one-to-many class="databaseConfig.TInRD" />
        </set>
    </class>
</hibernate-mapping>
