<?xml version="1.0"?>
<!DOCTYPE hibernate-mapping PUBLIC "-//Hibernate/Hibernate Mapping DTD 3.0//EN"
"http://www.hibernate.org/dtd/hibernate-mapping-3.0.dtd">
<!-- Generated Jan 13, 2019 7:43:34 PM by Hibernate Tools 4.3.1 -->
<hibernate-mapping>
    <class name="databaseConfig.Itemexpir" table="itemexpir" catalog="agozaerp01" optimistic-lock="version">
        <comment>??????? ???????</comment>
        <id name="idItemExpir" type="string">
            <column name="idItemExpir" length="20" />
            <generator class="assigned" />
        </id>
        <many-to-one name="item" class="databaseConfig.Item" fetch="select">
            <column name="ItemCode" length="36" />
        </many-to-one>
        <property name="dateIn" type="timestamp">
            <column name="DateIn" length="26" />
        </property>
        <property name="dateProduct" type="timestamp">
            <column name="DateProduct" length="26" />
        </property>
        <property name="dateExpir" type="timestamp">
            <column name="DateExpir" length="26" />
        </property>
        <property name="note" type="string">
            <column name="Note" length="45" />
        </property>
        <property name="qyt" type="java.lang.Double">
            <column name="Qyt" precision="22" scale="0" />
        </property>
        <property name="unit" type="string">
            <column name="unit" length="45" />
        </property>
        <property name="qytBalance" type="java.lang.Double">
            <column name="QytBalance" precision="22" scale="0" />
        </property>
    </class>
</hibernate-mapping>
