<?xml version="1.0"?>
<!DOCTYPE hibernate-mapping PUBLIC "-//Hibernate/Hibernate Mapping DTD 3.0//EN"
"http://www.hibernate.org/dtd/hibernate-mapping-3.0.dtd">
<!-- Generated Jan 13, 2019 7:43:34 PM by Hibernate Tools 4.3.1 -->
<hibernate-mapping>
    <class name="databaseConfig.Itemgroup" table="itemgroup" catalog="agozaerp01" optimistic-lock="version">
        <comment>??????? ???????</comment>
        <id name="code" type="string">
            <column name="code" length="10" />
            <generator class="assigned" />
        </id>
        <property name="name1" type="string">
            <column name="Name1" length="50" />
        </property>
        <property name="name2" type="string">
            <column name="Name2" length="50" />
        </property>
        <property name="stopReq" type="java.lang.Boolean">
            <column name="StopReq" />
        </property>
        <property name="stopDoc" type="java.lang.Boolean">
            <column name="StopDoc" />
        </property>
        <property name="stopRep" type="java.lang.Boolean">
            <column name="StopRep" />
        </property>
        <set name="items" table="item" inverse="true" lazy="true" fetch="select">
            <key>
                <column name="cCodingGroup" length="10">
                    <comment>?</comment>
                </column>
            </key>
            <one-to-many class="databaseConfig.Item" />
        </set>
    </class>
</hibernate-mapping>
