<?xml version="1.0"?>
<!DOCTYPE hibernate-mapping PUBLIC "-//Hibernate/Hibernate Mapping DTD 3.0//EN"
"http://www.hibernate.org/dtd/hibernate-mapping-3.0.dtd">
<!-- Generated Jan 13, 2019 7:43:34 PM by Hibernate Tools 4.3.1 -->
<hibernate-mapping>
    <class name="databaseConfig.Itemprice" table="itemprice" catalog="agozaerp01" optimistic-lock="version">
        <comment>????? ???????</comment>
        <id name="iditemPric" type="string">
            <column name="iditemPric" length="45" />
            <generator class="assigned" />
        </id>
        <many-to-one name="item" class="databaseConfig.Item" fetch="select">
            <column name="itemCode" length="36" not-null="true" />
        </many-to-one>
        <property name="serial" type="int">
            <column name="serial" not-null="true" />
        </property>
        <property name="unit" type="string">
            <column name="unit" length="20" not-null="true" />
        </property>
        <property name="dateStart" type="timestamp">
            <column name="dateStart" length="26" />
        </property>
        <property name="dateEnd" type="timestamp">
            <column name="dateEnd" length="26" />
        </property>
        <property name="note" type="string">
            <column name="Note" length="200" />
        </property>
    </class>
</hibernate-mapping>
