<?xml version="1.0"?>
<!DOCTYPE hibernate-mapping PUBLIC "-//Hibernate/Hibernate Mapping DTD 3.0//EN"
"http://www.hibernate.org/dtd/hibernate-mapping-3.0.dtd">
<!-- Generated Jan 13, 2019 7:43:34 PM by Hibernate Tools 4.3.1 -->
<hibernate-mapping>
    <class name="databaseConfig.Item" table="item" catalog="agozaerp01" optimistic-lock="version">
        <id name="ccode" type="string">
            <column name="cCode" length="36" />
            <generator class="assigned" />
        </id>
        <many-to-one name="itemdeptByCdept2" class="databaseConfig.Itemdept" fetch="select">
            <column name="cDept2" length="20" />
        </many-to-one>
        <many-to-one name="itemdeptByCdept1" class="databaseConfig.Itemdept" fetch="select">
            <column name="cDept1" length="20" />
        </many-to-one>
        <many-to-one name="itemdeptByCdept3" class="databaseConfig.Itemdept" fetch="select">
            <column name="cDept3" length="20" />
        </many-to-one>
        <many-to-one name="itemgroup" class="databaseConfig.Itemgroup" fetch="select">
            <column name="cCodingGroup" length="10">
                <comment>?</comment>
            </column>
        </many-to-one>
        <many-to-one name="itemunits" class="databaseConfig.Itemunits" fetch="select">
            <column name="DfltUint" length="40" />
        </many-to-one>
        <many-to-one name="tax" class="databaseConfig.Tax" fetch="select">
            <column name="cTaxPlan" length="20">
                <comment>??? ???????</comment>
            </column>
        </many-to-one>
        <property name="clocation" type="string">
            <column name="cLocation" length="20">
                <comment>?</comment>
            </column>
        </property>
        <property name="cname1" type="string">
            <column name="cName1" length="150">
                <comment>????? ??????</comment>
            </column>
        </property>
        <property name="cname2" type="string">
            <column name="cName2" length="150">
                <comment>????? ?????????</comment>
            </column>
        </property>
        <property name="cdesc1" type="string">
            <column name="cDesc1" length="60">
                <comment>?</comment>
            </column>
        </property>
        <property name="cdesc2" type="string">
            <column name="cDesc2" length="60">
                <comment>?</comment>
            </column>
        </property>
        <property name="lserNo" type="java.lang.Boolean">
            <column name="lSerNo" />
        </property>
        <property name="itype" type="java.lang.Short">
            <column name="iType">
                <comment>??? ????? -????? -???? -.......???</comment>
            </column>
        </property>
        <property name="fexpWarn" type="java.lang.Integer">
            <column name="fExpWarn">
                <comment>?</comment>
            </column>
        </property>
        <property name="lexp" type="java.lang.Byte">
            <column name="lExp">
                <comment>?</comment>
            </column>
        </property>
        <property name="dlastPdate" type="string">
            <column name="dLastPDate" length="9">
                <comment>?</comment>
            </column>
        </property>
        <property name="dlastSdate" type="string">
            <column name="dLastSDate" length="9">
                <comment>?</comment>
            </column>
        </property>
        <property name="fqtyRotat" type="java.lang.Float">
            <column name="fQtyRotat" precision="12" scale="0">
                <comment>?</comment>
            </column>
        </property>
        <property name="fcogs" type="java.lang.Float">
            <column name="fCOGS" precision="12" scale="0">
                <comment>?</comment>
            </column>
        </property>
        <property name="fprofit" type="java.lang.Float">
            <column name="fProfit" precision="12" scale="0">
                <comment>?</comment>
            </column>
        </property>
        <property name="fqtyIn" type="java.lang.Float">
            <column name="fQtyIn" precision="12" scale="0">
                <comment>?????? ?? ????? ??????? 1</comment>
            </column>
        </property>
        <property name="fqtyRes" type="java.lang.Float">
            <column name="fQtyRes" precision="12" scale="0">
                <comment>?</comment>
            </column>
        </property>
        <property name="fqtyOverDraft" type="java.lang.Float">
            <column name="fQtyOverDraft" precision="12" scale="0">
                <comment>?</comment>
            </column>
        </property>
        <property name="fqtyCom" type="java.lang.Float">
            <column name="fQtyCom" precision="12" scale="0">
                <comment>?</comment>
            </column>
        </property>
        <property name="fqtyBegY" type="java.lang.Float">
            <column name="fQtyBegY" precision="12" scale="0">
                <comment>?</comment>
            </column>
        </property>
        <property name="fqtyMax" type="java.lang.Float">
            <column name="fQtyMax" precision="12" scale="0">
                <comment>?</comment>
            </column>
        </property>
        <property name="fqtyOrder" type="java.lang.Float">
            <column name="fQtyOrder" precision="12" scale="0">
                <comment>?</comment>
            </column>
        </property>
        <property name="fqtyCalcOrder" type="java.lang.Float">
            <column name="fQtyCalcOrder" precision="12" scale="0">
                <comment>?</comment>
            </column>
        </property>
        <property name="fqtySaleNoDelv" type="java.lang.Float">
            <column name="fQtySaleNoDelv" precision="12" scale="0">
                <comment>?</comment>
            </column>
        </property>
        <property name="fqtyBpmove" type="java.lang.Float">
            <column name="fQtyBPmove" precision="12" scale="0">
                <comment>?</comment>
            </column>
        </property>
        <property name="fqtyPrchNoDelv" type="java.lang.Float">
            <column name="fQtyPrchNoDelv" precision="12" scale="0">
                <comment>?</comment>
            </column>
        </property>
        <property name="posActivity" type="java.lang.Integer">
            <column name="PosActivity">
                <comment>???? ???? ??????? ????? ???? 0 ??? ?????? ? 1 ?????? ?? ??????? ?????? ??? ?????? ? 3 ?????? ?? ??????? ???? ??? ??????</comment>
            </column>
        </property>
        <property name="fqtyPosissues" type="java.lang.Float">
            <column name="fQtyPOSIssues" precision="12" scale="0">
                <comment>????? ??? ????? ??? ?????</comment>
            </column>
        </property>
        <property name="fqtyTotIn" type="java.lang.Float">
            <column name="fQtyTotIn" precision="12" scale="0" />
        </property>
        <property name="fqtyTotOut" type="java.lang.Float">
            <column name="fQtyTotOut" precision="12" scale="0" />
        </property>
        <property name="cfreeItem" type="string">
            <column name="cFreeItem" length="36">
                <comment>?</comment>
            </column>
        </property>
        <property name="cfreeItemUnit" type="string">
            <column name="cFreeItemUnit" length="20">
                <comment>?</comment>
            </column>
        </property>
        <property name="cfreeQtyRule" type="string">
            <column name="cFreeQtyRule" length="512">
                <comment>?</comment>
            </column>
        </property>
        <property name="ifreeoff" type="java.lang.Short">
            <column name="iFreeoff">
                <comment>????? ?????</comment>
            </column>
        </property>
        <property name="dstartFreeDate" type="string">
            <column name="dStartFreeDate" length="9">
                <comment>????? ?????? ????????</comment>
            </column>
        </property>
        <property name="dendFreeDate" type="string">
            <column name="dEndFreeDate" length="9">
                <comment>????? ?????? ????????</comment>
            </column>
        </property>
        <property name="fstartCost" type="java.lang.Float">
            <column name="fStartCost" precision="12" scale="0" />
        </property>
        <property name="fstartCosted" type="java.lang.Float">
            <column name="fStartCosted" precision="12" scale="0" />
        </property>
        <property name="clongDesc" type="string">
            <column name="cLongDesc" length="1024">
                <comment>??? ??? ?????</comment>
            </column>
        </property>
        <property name="ccolor" type="string">
            <column name="cColor" length="20">
                <comment>?????</comment>
            </column>
        </property>
        <property name="csize" type="string">
            <column name="cSize" length="20">
                <comment>?????</comment>
            </column>
        </property>
        <property name="cvolume" type="string">
            <column name="cVolume" length="20">
                <comment>?????</comment>
            </column>
        </property>
        <property name="cweight" type="string">
            <column name="cWeight" length="20">
                <comment>?????</comment>
            </column>
        </property>
        <property name="clastPocurr" type="string">
            <column name="cLastPOCurr" length="5">
                <comment>?</comment>
            </column>
        </property>
        <property name="flastPorate" type="java.lang.Float">
            <column name="fLastPORate" precision="12" scale="0">
                <comment>?</comment>
            </column>
        </property>
        <property name="cstandardCostCurr" type="string">
            <column name="cStandardCostCurr" length="5">
                <comment>?</comment>
            </column>
        </property>
        <property name="fstandardCostRate" type="java.lang.Float">
            <column name="fStandardCostRate" precision="12" scale="0">
                <comment>?</comment>
            </column>
        </property>
        <property name="fqtyStbook" type="java.lang.Float">
            <column name="fQtySTBook" precision="12" scale="0">
                <comment>?</comment>
            </column>
        </property>
        <property name="lhasWeight" type="java.lang.Byte">
            <column name="lHasWeight">
                <comment>?</comment>
            </column>
        </property>
        <property name="cparent" type="string">
            <column name="cParent" length="36">
                <comment>?</comment>
            </column>
        </property>
        <property name="imatrix" type="java.lang.Short">
            <column name="iMatrix">
                <comment>?</comment>
            </column>
        </property>
        <property name="iselling" type="java.lang.Short">
            <column name="iSelling">
                <comment>?</comment>
            </column>
        </property>
        <property name="cmatrix" type="string">
            <column name="cMatrix" length="512">
                <comment>?</comment>
            </column>
        </property>
        <property name="cmatrix2" type="string">
            <column name="cMatrix2" length="512">
                <comment>?</comment>
            </column>
        </property>
        <property name="iunitActivation" type="java.lang.Short">
            <column name="iUnitActivation" />
        </property>
        <property name="dstartSelDate" type="string">
            <column name="dStartSelDate" length="9">
                <comment>?</comment>
            </column>
        </property>
        <property name="dendSelDate" type="string">
            <column name="dEndSelDate" length="9">
                <comment>?</comment>
            </column>
        </property>
        <property name="lisBom" type="java.lang.Byte">
            <column name="lIsBom">
                <comment>?</comment>
            </column>
        </property>
        <property name="lisBto" type="java.lang.Byte">
            <column name="lIsBTO">
                <comment>?</comment>
            </column>
        </property>
        <property name="lisMfg" type="java.lang.Byte">
            <column name="lIsMFG">
                <comment>?</comment>
            </column>
        </property>
        <property name="lisMatrix" type="java.lang.Byte">
            <column name="lIsMatrix">
                <comment>?</comment>
            </column>
        </property>
        <property name="caccSuffic" type="string">
            <column name="cAccSuffic" length="20">
                <comment>?</comment>
            </column>
        </property>
        <property name="cccsuffix" type="string">
            <column name="cCCSuffix" length="20">
                <comment>?</comment>
            </column>
        </property>
        <property name="fstartQtyRes" type="java.lang.Float">
            <column name="fStartQtyRes" precision="12" scale="0">
                <comment>?</comment>
            </column>
        </property>
        <property name="fstartQtyCom" type="java.lang.Float">
            <column name="fStartQtyCom" precision="12" scale="0">
                <comment>?</comment>
            </column>
        </property>
        <property name="fstartQtySaleNoDelv" type="java.lang.Float">
            <column name="fStartQtySaleNoDelv" precision="12" scale="0">
                <comment>?</comment>
            </column>
        </property>
        <property name="fstartQtyPrchNoDelv" type="java.lang.Float">
            <column name="fStartQtyPrchNoDelv" precision="12" scale="0">
                <comment>?</comment>
            </column>
        </property>
        <property name="isiteId" type="java.lang.Float">
            <column name="iSiteId" precision="12" scale="0">
                <comment>?</comment>
            </column>
        </property>
        <property name="cstartSerial" type="string">
            <column name="cStartSerial" length="36">
                <comment>?</comment>
            </column>
        </property>
        <property name="cfreeGroup" type="string">
            <column name="cFreeGroup" length="20">
                <comment>?</comment>
            </column>
        </property>
        <property name="itemObjectid" type="string">
            <column name="itemOBJECTID" length="32">
                <comment>?</comment>
            </column>
        </property>
        <property name="stopRep" type="java.lang.Boolean">
            <column name="StopRep" />
        </property>
        <property name="stopDoc" type="java.lang.Boolean">
            <column name="StopDoc" />
        </property>
        <property name="stopReq" type="java.lang.Boolean">
            <column name="StopReq" />
        </property>
        <property name="outBalance" type="java.lang.Boolean">
            <column name="OutBalance">
                <comment>?????? ????? ???? ????</comment>
            </column>
        </property>
        <set name="TInRDs" table="t_in_r_d" inverse="true" lazy="true" fetch="select">
            <key>
                <column name="cItCode" length="36" />
            </key>
            <one-to-many class="databaseConfig.TInRD" />
        </set>
        <set name="TTrnsRDs" table="t_trns_r_d" inverse="true" lazy="true" fetch="select">
            <key>
                <column name="cItCode" length="36" />
            </key>
            <one-to-many class="databaseConfig.TTrnsRD" />
        </set>
        <set name="itemdescrips" table="itemdescrip" inverse="true" lazy="true" fetch="select">
            <key>
                <column name="itemCode" length="36" not-null="true" />
            </key>
            <one-to-many class="databaseConfig.Itemdescrip" />
        </set>
        <set name="TInBDs" table="t_in_b_d" inverse="true" lazy="true" fetch="select">
            <key>
                <column name="cItCode" length="36" />
            </key>
            <one-to-many class="databaseConfig.TInBD" />
        </set>
        <set name="TOutRDs" table="t_out_r_d" inverse="true" lazy="true" fetch="select">
            <key>
                <column name="cItCode" length="36" />
            </key>
            <one-to-many class="databaseConfig.TOutRD" />
        </set>
        <set name="itemexpirs" table="itemexpir" inverse="true" lazy="true" fetch="select">
            <key>
                <column name="ItemCode" length="36" />
            </key>
            <one-to-many class="databaseConfig.Itemexpir" />
        </set>
        <set name="itemprices" table="itemprice" inverse="true" lazy="true" fetch="select">
            <key>
                <column name="itemCode" length="36" not-null="true" />
            </key>
            <one-to-many class="databaseConfig.Itemprice" />
        </set>
        <set name="itemins" table="itemin" inverse="true" lazy="true" fetch="select">
            <key>
                <column name="ItemCode" length="36" />
            </key>
            <one-to-many class="databaseConfig.Itemin" />
        </set>
        <set name="TTrnsBDs" table="t_trns_b_d" inverse="true" lazy="true" fetch="select">
            <key>
                <column name="cItCode" length="36" />
            </key>
            <one-to-many class="databaseConfig.TTrnsBD" />
        </set>
        <set name="itempics" table="itempic" inverse="true" lazy="true" fetch="select">
            <key>
                <column name="itmcode" length="36" />
            </key>
            <one-to-many class="databaseConfig.Itempic" />
        </set>
        <set name="itemunitses" table="itemunits" inverse="true" lazy="true" fetch="select">
            <key>
                <column name="ItemCode" length="36" not-null="true" />
            </key>
            <one-to-many class="databaseConfig.Itemunits" />
        </set>
        <set name="TOutBDs" table="t_out_b_d" inverse="true" lazy="true" fetch="select">
            <key>
                <column name="cItCode" length="36" />
            </key>
            <one-to-many class="databaseConfig.TOutBD" />
        </set>
    </class>
</hibernate-mapping>
