<?xml version="1.0"?>
<!DOCTYPE hibernate-mapping PUBLIC "-//Hibernate/Hibernate Mapping DTD 3.0//EN"
"http://www.hibernate.org/dtd/hibernate-mapping-3.0.dtd">
<!-- Generated Jan 13, 2019 7:43:34 PM by Hibernate Tools 4.3.1 -->
<hibernate-mapping>
    <class name="databaseConfig.Itemunits" table="itemunits" catalog="agozaerp01" optimistic-lock="version">
        <comment>??? ?????? ???????</comment>
        <id name="opjectId" type="string">
            <column name="OpjectId" length="40" />
            <generator class="assigned" />
        </id>
        <many-to-one name="item" class="databaseConfig.Item" fetch="select">
            <column name="ItemCode" length="36" not-null="true" />
        </many-to-one>
        <property name="noUnit" type="int">
            <column name="NoUnit" not-null="true" />
        </property>
        <property name="namear" type="string">
            <column name="Namear" length="50" />
        </property>
        <property name="nameen" type="string">
            <column name="Nameen" length="50" />
        </property>
        <property name="parameter" type="java.lang.Double">
            <column name="Parameter" precision="22" scale="0" />
        </property>
        <property name="parCode" type="string">
            <column name="ParCode" length="40" />
        </property>
        <property name="note" type="string">
            <column name="Note" length="200" />
        </property>
        <property name="stopReq" type="java.lang.Boolean">
            <column name="StopReq" />
        </property>
        <property name="stopDoc" type="java.lang.Boolean">
            <column name="StopDoc" />
        </property>
        <property name="stopRep" type="java.lang.Boolean">
            <column name="StopRep" />
        </property>
        <property name="lessPrice" type="java.lang.Double">
            <column name="LessPrice" precision="22" scale="0" />
        </property>
        <set name="items" table="item" inverse="true" lazy="true" fetch="select">
            <key>
                <column name="DfltUint" length="40" />
            </key>
            <one-to-many class="databaseConfig.Item" />
        </set>
    </class>
</hibernate-mapping>
