<?xml version="1.0"?>
<!DOCTYPE hibernate-mapping PUBLIC "-//Hibernate/Hibernate Mapping DTD 3.0//EN"
"http://www.hibernate.org/dtd/hibernate-mapping-3.0.dtd">
<!-- Generated Jan 13, 2019 7:43:34 PM by Hibernate Tools 4.3.1 -->
<hibernate-mapping>
    <class name="databaseConfig.Itempic" table="itempic" catalog="agozaerp01" optimistic-lock="version">
        <comment>??? ???????</comment>
        <id name="iditemPic" type="string">
            <column name="iditemPic" length="45" />
            <generator class="assigned" />
        </id>
        <many-to-one name="item" class="databaseConfig.Item" fetch="select">
            <column name="itmcode" length="36" />
        </many-to-one>
        <property name="discAr" type="string">
            <column name="discAr" length="45" />
        </property>
        <property name="discen" type="string">
            <column name="discen" length="45" />
        </property>
        <property name="valuestr" type="string">
            <column name="valuestr" length="300" />
        </property>
        <property name="value" type="binary">
            <column name="value" />
        </property>
        <property name="note" type="string">
            <column name="Note" length="45" />
        </property>
    </class>
</hibernate-mapping>
