<?xml version="1.0"?>
<!DOCTYPE hibernate-mapping PUBLIC "-//Hibernate/Hibernate Mapping DTD 3.0//EN"
"http://www.hibernate.org/dtd/hibernate-mapping-3.0.dtd">
<!-- Generated Jan 13, 2019 7:43:34 PM by Hibernate Tools 4.3.1 -->
<hibernate-mapping>
    <class name="databaseConfig.Itemdept" table="itemdept" catalog="agozaerp01" optimistic-lock="version">
        <comment>???? ???????</comment>
        <id name="code" type="string">
            <column name="code" length="20" />
            <generator class="assigned" />
        </id>
        <property name="namear" type="string">
            <column name="Namear" length="45" />
        </property>
        <property name="nameen" type="string">
            <column name="Nameen" length="45" />
        </property>
        <property name="stopReq" type="java.lang.Boolean">
            <column name="StopReq" />
        </property>
        <property name="stopDoc" type="java.lang.Boolean">
            <column name="StopDoc" />
        </property>
        <property name="stopRep" type="java.lang.Boolean">
            <column name="StopRep" />
        </property>
        <set name="itemsForCdept2" table="item" inverse="true" lazy="true" fetch="select">
            <key>
                <column name="cDept2" length="20" />
            </key>
            <one-to-many class="databaseConfig.Item" />
        </set>
        <set name="itemsForCdept1" table="item" inverse="true" lazy="true" fetch="select">
            <key>
                <column name="cDept1" length="20" />
            </key>
            <one-to-many class="databaseConfig.Item" />
        </set>
        <set name="itemsForCdept3" table="item" inverse="true" lazy="true" fetch="select">
            <key>
                <column name="cDept3" length="20" />
            </key>
            <one-to-many class="databaseConfig.Item" />
        </set>
    </class>
</hibernate-mapping>
