<?xml version="1.0"?>
<!DOCTYPE hibernate-mapping PUBLIC "-//Hibernate/Hibernate Mapping DTD 3.0//EN"
"http://www.hibernate.org/dtd/hibernate-mapping-3.0.dtd">
<!-- Generated Jan 13, 2019 7:43:34 PM by Hibernate Tools 4.3.1 -->
<hibernate-mapping>
    <class name="databaseConfig.Itemdescrip" table="itemdescrip" catalog="agozaerp01" optimistic-lock="version">
        <comment>??? ???????</comment>
        <id name="iditemDescrip" type="string">
            <column name="iditemDescrip" length="45" />
            <generator class="assigned" />
        </id>
        <many-to-one name="item" class="databaseConfig.Item" fetch="select">
            <column name="itemCode" length="36" not-null="true" />
        </many-to-one>
        <property name="serial" type="int">
            <column name="Serial" not-null="true" />
        </property>
        <property name="value1" type="string">
            <column name="value1" length="200" />
        </property>
        <property name="value2" type="string">
            <column name="value2" length="200" />
        </property>
    </class>
</hibernate-mapping>
