<?xml version="1.0"?>
<!DOCTYPE hibernate-mapping PUBLIC "-//Hibernate/Hibernate Mapping DTD 3.0//EN"
"http://www.hibernate.org/dtd/hibernate-mapping-3.0.dtd">
<!-- Generated Jan 13, 2019 7:43:34 PM by Hibernate Tools 4.3.1 -->
<hibernate-mapping>
    <class name="databaseConfig.Rectransaction" table="rectransaction" catalog="agozaerp01" optimistic-lock="version">
        <comment>????? ???? ??????????</comment>
        <id name="issueDate" type="timestamp">
            <column name="issueDate" length="26" />
            <generator class="assigned" />
        </id>
        <many-to-one name="emps" class="databaseConfig.Emps" fetch="select">
            <column name="User" length="20" not-null="true" />
        </many-to-one>
        <property name="cinvoiceNum" type="string">
            <column name="cInvoiceNum" length="45" not-null="true" />
        </property>
        <property name="actionType" type="string">
            <column name="actionType" length="45" />
        </property>
        <property name="actionName" type="string">
            <column name="ActionName" length="45" />
        </property>
        <property name="cmode" type="string">
            <column name="cMode" length="45" />
        </property>
        <property name="note" type="string">
            <column name="Note" length="200" />
        </property>
        <property name="itemChange" type="string">
            <column name="ItemChange" length="200" />
        </property>
    </class>
</hibernate-mapping>
