<?xml version="1.0"?>
<!DOCTYPE hibernate-mapping PUBLIC "-//Hibernate/Hibernate Mapping DTD 3.0//EN"
"http://www.hibernate.org/dtd/hibernate-mapping-3.0.dtd">
<!-- Generated Jan 13, 2019 7:43:34 PM by Hibernate Tools 4.3.1 -->
<hibernate-mapping>
    <class name="databaseConfig.Reportes" table="reportes" catalog="agozaerp01" optimistic-lock="version">
        <comment>????????</comment>
        <id name="code" type="string">
            <column name="Code" length="50" />
            <generator class="assigned" />
        </id>
        <property name="nameAr" type="string">
            <column name="NameAr" length="50" />
        </property>
        <property name="nameEn" type="string">
            <column name="NameEn" length="50" />
        </property>
        <property name="security" type="string">
            <column name="Security" length="45" />
        </property>
        <property name="note" type="string">
            <column name="Note" length="45" />
        </property>
        <property name="module" type="string">
            <column name="Module" length="45" />
        </property>
        <property name="parent" type="string">
            <column name="Parent" length="45" />
        </property>
    </class>
</hibernate-mapping>
