<?xml version="1.0"?>
<!DOCTYPE hibernate-mapping PUBLIC "-//Hibernate/Hibernate Mapping DTD 3.0//EN"
"http://www.hibernate.org/dtd/hibernate-mapping-3.0.dtd">
<!-- Generated Jan 13, 2019 7:43:34 PM by Hibernate Tools 4.3.1 -->
<hibernate-mapping>
    <class name="databaseConfig.Tax" table="tax" catalog="agozaerp01" optimistic-lock="version">
        <comment>???? ???????</comment>
        <id name="code" type="string">
            <column name="code" length="20" />
            <generator class="assigned" />
        </id>
        <property name="namrAr" type="string">
            <column name="NamrAr" length="45" />
        </property>
        <property name="nameEn" type="string">
            <column name="NameEn" length="45" />
        </property>
        <property name="value" type="java.lang.Double">
            <column name="value" precision="22" scale="0" />
        </property>
        <property name="note" type="string">
            <column name="Note" length="200" />
        </property>
        <property name="stopReq" type="java.lang.Boolean">
            <column name="StopReq" />
        </property>
        <property name="stopDoc" type="java.lang.Boolean">
            <column name="StopDoc" />
        </property>
        <property name="stopRep" type="java.lang.Boolean">
            <column name="StopRep" />
        </property>
        <set name="items" table="item" inverse="true" lazy="true" fetch="select">
            <key>
                <column name="cTaxPlan" length="20">
                    <comment>??? ???????</comment>
                </column>
            </key>
            <one-to-many class="databaseConfig.Item" />
        </set>
    </class>
</hibernate-mapping>
