<?xml version="1.0"?>
<!DOCTYPE hibernate-mapping PUBLIC "-//Hibernate/Hibernate Mapping DTD 3.0//EN"
"http://www.hibernate.org/dtd/hibernate-mapping-3.0.dtd">
<!-- Generated Jan 13, 2019 7:43:34 PM by Hibernate Tools 4.3.1 -->
<hibernate-mapping>
    <class name="databaseConfig.TInRH" table="t_in_r_h" catalog="agozaerp01" optimistic-lock="version">
        <comment>???? ???? ?????</comment>
        <id name="cinvoicNum" type="string">
            <column name="cInvoicNum" length="12" />
            <generator class="assigned" />
        </id>
        <many-to-one name="emps" class="databaseConfig.Emps" fetch="select">
            <column name="cSalesMan" length="20" />
        </many-to-one>
        <many-to-one name="vcs" class="databaseConfig.Vcs" fetch="select">
            <column name="cVcCode" length="20" />
        </many-to-one>
        <many-to-one name="whByCware2" class="databaseConfig.Wh" fetch="select">
            <column name="cWare2" length="3" />
        </many-to-one>
        <many-to-one name="whByCware1" class="databaseConfig.Wh" fetch="select">
            <column name="cWare1" length="3" />
        </many-to-one>
        <property name="cmode" type="string">
            <column name="cMode" length="3" not-null="true" />
        </property>
        <property name="doperaDate" type="date">
            <column name="dOperaDate" length="10" />
        </property>
        <property name="ddelivDate" type="date">
            <column name="dDelivDate" length="10" />
        </property>
        <property name="idelvPeriod" type="java.lang.Short">
            <column name="iDelvPeriod" />
        </property>
        <property name="dpayDate" type="date">
            <column name="dPayDate" length="10" />
        </property>
        <property name="ipayPeriod" type="java.lang.Short">
            <column name="iPayPeriod" />
        </property>
        <property name="dvalidDate" type="date">
            <column name="dValidDate" length="10" />
        </property>
        <property name="ivalidPeriod" type="java.lang.Short">
            <column name="iValidPeriod" />
        </property>
        <property name="dpostDate" type="date">
            <column name="dPostDate" length="10" />
        </property>
        <property name="cattachType" type="string">
            <column name="cAttachType" length="3" />
        </property>
        <property name="cattachNo" type="string">
            <column name="cAttachNo" length="12" />
        </property>
        <property name="dissueDate" type="date">
            <column name="dIssueDate" length="10" />
        </property>
        <property name="cparticType" type="string">
            <column name="cParticType" length="2" />
        </property>
        <property name="cname" type="string">
            <column name="cName" length="150" />
        </property>
        <property name="cjocode" type="string">
            <column name="cJOCode" length="20" />
        </property>
        <property name="ccomment" type="string">
            <column name="cComment" length="250" />
        </property>
        <property name="cuser" type="string">
            <column name="cUser" length="20" />
        </property>
        <property name="cposter" type="string">
            <column name="cPoster" length="20" />
        </property>
        <property name="cterm" type="string">
            <column name="cTerm" length="10" />
        </property>
        <property name="fdiscount" type="java.lang.Float">
            <column name="fDiscount" precision="12" scale="0" />
        </property>
        <property name="ftotal" type="java.lang.Float">
            <column name="fTotal" precision="12" scale="0" />
        </property>
        <property name="fnet" type="java.lang.Float">
            <column name="fNet" precision="12" scale="0" />
        </property>
        <property name="ftax" type="java.lang.Float">
            <column name="fTax" precision="12" scale="0" />
        </property>
        <property name="fgross" type="java.lang.Float">
            <column name="fGross" precision="12" scale="0" />
        </property>
        <property name="fpayNet" type="java.lang.Float">
            <column name="fPayNet" precision="12" scale="0" />
        </property>
        <property name="fcash" type="java.lang.Float">
            <column name="fCash" precision="12" scale="0" />
        </property>
        <property name="freturn" type="java.lang.Float">
            <column name="fReturn" precision="12" scale="0" />
        </property>
        <property name="fpayedTd" type="java.lang.Float">
            <column name="fPayedTD" precision="12" scale="0" />
        </property>
        <property name="fcost" type="java.lang.Float">
            <column name="fCost" precision="12" scale="0" />
        </property>
        <property name="dlpayDate" type="date">
            <column name="dLPayDate" length="10" />
        </property>
        <property name="dldelvDate" type="date">
            <column name="dLDelvDate" length="10" />
        </property>
        <property name="ccurrency" type="string">
            <column name="cCurrency" length="5" />
        </property>
        <property name="frate" type="java.lang.Float">
            <column name="fRate" precision="12" scale="0" />
        </property>
        <property name="cdebitAcc" type="string">
            <column name="cDebitAcc" length="20" />
        </property>
        <property name="ccreditAcc" type="string">
            <column name="cCreditAcc" length="20" />
        </property>
        <property name="cdiscAcc" type="string">
            <column name="cDiscAcc" length="20" />
        </property>
        <property name="ccashAcc" type="string">
            <column name="cCashAcc" length="20" />
        </property>
        <property name="ctaxAcc" type="string">
            <column name="cTaxAcc" length="20" />
        </property>
        <property name="lautoDelv" type="java.lang.Byte">
            <column name="lAutoDelv" />
        </property>
        <property name="lautoPay" type="java.lang.Byte">
            <column name="lAutoPay" />
        </property>
        <property name="idelivered" type="java.lang.Short">
            <column name="iDelivered" />
        </property>
        <property name="ipayed" type="java.lang.Short">
            <column name="iPayed" />
        </property>
        <property name="ireturned" type="java.lang.Short">
            <column name="iReturned" />
        </property>
        <property name="iprinted" type="java.lang.Short">
            <column name="iPrinted" />
        </property>
        <property name="iposted" type="java.lang.Short">
            <column name="iPosted" />
        </property>
        <property name="icanceled" type="java.lang.Short">
            <column name="iCanceled" />
        </property>
        <property name="ioverDraft" type="java.lang.Short">
            <column name="iOverDraft" />
        </property>
        <property name="iorigin" type="java.lang.Short">
            <column name="iOrigin" />
        </property>
        <property name="fqtyTot" type="java.lang.Float">
            <column name="fQtyTot" precision="12" scale="0" />
        </property>
        <property name="canalysisCode" type="string">
            <column name="cAnalysisCode" length="20" />
        </property>
        <property name="cadd1" type="string">
            <column name="cAdd1" length="60" />
        </property>
        <property name="cadd2" type="string">
            <column name="cAdd2" length="60" />
        </property>
        <property name="cadd3" type="string">
            <column name="cAdd3" length="60" />
        </property>
        <property name="cadd4" type="string">
            <column name="cAdd4" length="60" />
        </property>
        <property name="cadd5" type="string">
            <column name="cAdd5" length="60" />
        </property>
        <property name="ctime" type="timestamp">
            <column name="cTime" length="26" />
        </property>
        <property name="cmanualRef1" type="string">
            <column name="cManualRef1" length="20" />
        </property>
        <property name="cmanualRef2" type="string">
            <column name="cManualRef2" length="20" />
        </property>
        <property name="fpaidChange" type="java.lang.Float">
            <column name="fPaidChange" precision="12" scale="0" />
        </property>
        <property name="freturnChange" type="java.lang.Float">
            <column name="fReturnChange" precision="12" scale="0" />
        </property>
        <property name="ltax" type="java.lang.Byte">
            <column name="lTax" />
        </property>
        <property name="cconsCode" type="string">
            <column name="cConsCode" length="10" />
        </property>
        <property name="cyear" type="string">
            <column name="cYear" length="4" />
        </property>
        <property name="cperiodNum" type="string">
            <column name="cPeriodNum" length="2" />
        </property>
        <property name="iqtySpec" type="java.lang.Short">
            <column name="iQtySpec" />
        </property>
        <property name="isiteId" type="java.lang.Short">
            <column name="iSiteId" />
        </property>
        <property name="cdeptCode" type="string">
            <column name="cDeptCode" length="20" />
        </property>
        <property name="faddTax" type="java.lang.Float">
            <column name="fAddTax" precision="12" scale="0" />
        </property>
        <property name="fdiscTax" type="java.lang.Float">
            <column name="fDiscTax" precision="12" scale="0" />
        </property>
        <property name="tpinvX00" type="string">
            <column name="tPInv_x00" length="15" />
        </property>
        <property name="tpinvX01" type="string">
            <column name="tPInv_x01" length="47" />
        </property>
        <property name="tpinvX02" type="string">
            <column name="tPInv_x02" length="41" />
        </property>
        <property name="tpinvX03" type="string">
            <column name="tPInv_x03" length="52" />
        </property>
        <property name="tpinvX04" type="string">
            <column name="tPInv_x04" length="42" />
        </property>
        <property name="tpinvX05" type="string">
            <column name="tPInv_x05" length="52" />
        </property>
        <property name="pinvObjectid" type="string">
            <column name="PInvOBJECTID" length="32" />
        </property>
        <property name="picString" type="string">
            <column name="PicString" length="200" />
        </property>
        <property name="picBlob" type="binary">
            <column name="PicBlob" />
        </property>
    </class>
</hibernate-mapping>
