<?xml version="1.0"?>
<!DOCTYPE hibernate-mapping PUBLIC "-//Hibernate/Hibernate Mapping DTD 3.0//EN"
"http://www.hibernate.org/dtd/hibernate-mapping-3.0.dtd">
<!-- Generated Jan 13, 2019 7:43:34 PM by Hibernate Tools 4.3.1 -->
<hibernate-mapping>
    <class name="databaseConfig.TOutBD" table="t_out_b_d" catalog="agozaerp01" optimistic-lock="version">
        <comment>?????? ???? ?????</comment>
        <composite-id name="id" class="databaseConfig.TOutBDId">
            <key-property name="cinvoicNum" type="string">
                <column name="cInvoicNum" length="12" />
            </key-property>
            <key-property name="clineNo" type="string">
                <column name="cLineNo" length="4" />
            </key-property>
        </composite-id>
        <many-to-one name="emps" class="databaseConfig.Emps" fetch="select">
            <column name="cSalesMan" length="20" />
        </many-to-one>
        <many-to-one name="item" class="databaseConfig.Item" fetch="select">
            <column name="cItCode" length="36" />
        </many-to-one>
        <many-to-one name="vcs" class="databaseConfig.Vcs" fetch="select">
            <column name="cVCCode" length="20" />
        </many-to-one>
        <many-to-one name="whByCware2" class="databaseConfig.Wh" fetch="select">
            <column name="cWare2" length="3" />
        </many-to-one>
        <many-to-one name="whByCware1" class="databaseConfig.Wh" fetch="select">
            <column name="cWare1" length="3" />
        </many-to-one>
        <property name="cmode" type="string">
            <column name="cMode" length="3" not-null="true" />
        </property>
        <property name="citName" type="string">
            <column name="cItName" length="150" />
        </property>
        <property name="ctransUnit" type="string">
            <column name="cTransUnit" length="20" />
        </property>
        <property name="ftransQty" type="java.lang.Float">
            <column name="fTransQty" precision="12" scale="0" />
        </property>
        <property name="ftransUnitPrice" type="java.lang.Float">
            <column name="fTransUnitPrice" precision="12" scale="0" />
        </property>
        <property name="cbelongTo" type="string">
            <column name="cBelongTo" length="4" />
        </property>
        <property name="iitemType" type="java.lang.Short">
            <column name="iItemType" />
        </property>
        <property name="itransUnit" type="java.lang.Short">
            <column name="iTransUnit" />
        </property>
        <property name="ftransFrac" type="java.lang.Float">
            <column name="fTransFrac" precision="12" scale="0" />
        </property>
        <property name="ddelvDate" type="date">
            <column name="dDelvDate" length="10" />
        </property>
        <property name="dissueDate" type="date">
            <column name="dIssueDate" length="10" />
        </property>
        <property name="dpostDate" type="date">
            <column name="dPostDate" length="10" />
        </property>
        <property name="cparticType" type="string">
            <column name="cParticType" length="2" />
        </property>
        <property name="ditExpDate" type="date">
            <column name="dItExpDate" length="10" />
        </property>
        <property name="fqtyDone" type="java.lang.Float">
            <column name="fQtyDone" precision="12" scale="0" />
        </property>
        <property name="fqtyReq" type="java.lang.Float">
            <column name="fQtyReq" precision="12" scale="0" />
        </property>
        <property name="fqtyRet" type="java.lang.Float">
            <column name="fQtyRet" precision="12" scale="0" />
        </property>
        <property name="fqtyApost" type="java.lang.Float">
            <column name="fQtyAPost" precision="12" scale="0" />
        </property>
        <property name="fdiscount" type="java.lang.Float">
            <column name="fDiscount" precision="12" scale="0" />
        </property>
        <property name="funitPrice" type="java.lang.Float">
            <column name="fUnitPrice" precision="12" scale="0" />
        </property>
        <property name="fnetUnitPrice" type="java.lang.Float">
            <column name="fNetUnitPrice" precision="12" scale="0" />
        </property>
        <property name="fcost" type="java.lang.Float">
            <column name="fCost" precision="12" scale="0" />
        </property>
        <property name="ccostLine" type="string">
            <column name="cCostLine" length="12" />
        </property>
        <property name="cbatchId" type="string">
            <column name="cBatchId" length="36" />
        </property>
        <property name="iposted" type="java.lang.Short">
            <column name="iPosted" />
        </property>
        <property name="idelivered" type="java.lang.Short">
            <column name="iDelivered" />
        </property>
        <property name="ireturned" type="java.lang.Short">
            <column name="iReturned" />
        </property>
        <property name="icanceled" type="java.lang.Short">
            <column name="iCanceled" />
        </property>
        <property name="irecosted" type="java.lang.Short">
            <column name="iRecosted" />
        </property>
        <property name="ioverDraft" type="java.lang.Short">
            <column name="iOverDraft" />
        </property>
        <property name="cremark" type="string">
            <column name="cRemark" length="40" />
        </property>
        <property name="fextended" type="java.lang.Float">
            <column name="fExtended" precision="12" scale="0" />
        </property>
        <property name="ftax" type="java.lang.Float">
            <column name="fTax" precision="12" scale="0" />
        </property>
        <property name="cconsCode" type="string">
            <column name="cConsCode" length="10" />
        </property>
        <property name="cyear" type="string">
            <column name="cYear" length="4" />
        </property>
        <property name="cperiodNum" type="string">
            <column name="cPeriodNum" length="2" />
        </property>
        <property name="ditProdDate" type="date">
            <column name="dItProdDate" length="10" />
        </property>
        <property name="cserial" type="string">
            <column name="cSerial" length="256" />
        </property>
        <property name="csalUnit" type="string">
            <column name="cSalUnit" length="20" />
        </property>
        <property name="fsalQty" type="java.lang.Float">
            <column name="fSalQty" precision="12" scale="0" />
        </property>
        <property name="cdim" type="string">
            <column name="cDim" length="40" />
        </property>
        <property name="dwarrDate" type="date">
            <column name="dWarrDate" length="10" />
        </property>
        <property name="tpinvDX00" type="string">
            <column name="tPInv_D_x00" length="19" />
        </property>
        <property name="tpinvDX01" type="string">
            <column name="tPInv_D_x01" length="68" />
        </property>
        <property name="tpinvDX02" type="string">
            <column name="tPInv_D_x02" length="41" />
        </property>
        <property name="pinvDobjectid" type="string">
            <column name="PInv_DOBJECTID" length="32" />
        </property>
        <property name="picString" type="string">
            <column name="PicString" length="200" />
        </property>
        <property name="picBlob" type="binary">
            <column name="PicBlob" />
        </property>
    </class>
</hibernate-mapping>
