<?xml version="1.0"?>
<!DOCTYPE hibernate-mapping PUBLIC "-//Hibernate/Hibernate Mapping DTD 3.0//EN"
"http://www.hibernate.org/dtd/hibernate-mapping-3.0.dtd">
<!-- Generated Jan 13, 2019 7:43:34 PM by Hibernate Tools 4.3.1 -->
<hibernate-mapping>
    <class name="databaseConfig.Usergroup" table="usergroup" catalog="agozaerp01" optimistic-lock="version">
        <comment>??????? ??????????</comment>
        <id name="code" type="string">
            <column name="code" length="4" />
            <generator class="assigned" />
        </id>
        <property name="nameAr" type="string">
            <column name="NameAr" length="45" />
        </property>
        <property name="nameEn" type="string">
            <column name="NameEn" length="45" />
        </property>
        <property name="note" type="string">
            <column name="Note" length="200" />
        </property>
        <set name="doctypes" table="doctype" inverse="true" lazy="true" fetch="select">
            <key>
                <column name="userGroup" length="4" />
            </key>
            <one-to-many class="databaseConfig.Doctype" />
        </set>
        <set name="bookses" table="books" inverse="true" lazy="true" fetch="select">
            <key>
                <column name="UserGroup" length="4" />
            </key>
            <one-to-many class="databaseConfig.Books" />
        </set>
        <set name="empses" table="emps" inverse="true" lazy="true" fetch="select">
            <key>
                <column name="cUserGroup" length="4" />
            </key>
            <one-to-many class="databaseConfig.Emps" />
        </set>
    </class>
</hibernate-mapping>
