<?xml version="1.0"?>
<!DOCTYPE hibernate-mapping PUBLIC "-//Hibernate/Hibernate Mapping DTD 3.0//EN"
"http://www.hibernate.org/dtd/hibernate-mapping-3.0.dtd">
<!-- Generated Jan 13, 2019 7:43:34 PM by Hibernate Tools 4.3.1 -->
<hibernate-mapping>
    <class name="databaseConfig.Vcs" table="vcs" catalog="agozaerp01" optimistic-lock="version">
        <id name="ccode" type="string">
            <column name="cCode" length="20" />
            <generator class="assigned" />
        </id>
        <many-to-one name="emps" class="databaseConfig.Emps" fetch="select">
            <column name="cSalesMan" length="20" />
        </many-to-one>
        <many-to-one name="wh" class="databaseConfig.Wh" fetch="select">
            <column name="cWarehouse" length="3" />
        </many-to-one>
        <property name="imode" type="java.lang.Short">
            <column name="iMode" />
        </property>
        <property name="cname1" type="string">
            <column name="cName1" length="150" />
        </property>
        <property name="cname2" type="string">
            <column name="cName2" length="150" />
        </property>
        <property name="caddress" type="string">
            <column name="cAddress" length="250" />
        </property>
        <property name="cpoBox" type="string">
            <column name="cPoBox" length="20" />
        </property>
        <property name="ctel1" type="string">
            <column name="cTel1" length="15" />
        </property>
        <property name="ctel2" type="string">
            <column name="cTel2" length="15" />
        </property>
        <property name="cfax" type="string">
            <column name="cFax" length="15" />
        </property>
        <property name="ctelix" type="string">
            <column name="cTelix" length="15" />
        </property>
        <property name="ccity" type="string">
            <column name="cCity" length="15" />
        </property>
        <property name="czipCode" type="string">
            <column name="cZipCode" length="15" />
        </property>
        <property name="ccountry" type="string">
            <column name="cCountry" length="20" />
        </property>
        <property name="cterrit" type="string">
            <column name="cTerrit" length="20" />
        </property>
        <property name="cactivity" type="string">
            <column name="cActivity" length="40" />
        </property>
        <property name="cwh1" type="string">
            <column name="cWH1" length="15" />
        </property>
        <property name="cdayOff" type="string">
            <column name="cDayOff" length="15" />
        </property>
        <property name="ccontact" type="string">
            <column name="cContact" length="40" />
        </property>
        <property name="ccollector" type="string">
            <column name="cCollector" length="20" />
        </property>
        <property name="cglAccount" type="string">
            <column name="cGlAccount" length="20" />
        </property>
        <property name="cglAccount2" type="string">
            <column name="cGlAccount2" length="20" />
        </property>
        <property name="cglAccount3" type="string">
            <column name="cGlAccount3" length="20" />
        </property>
        <property name="cglAccount4" type="string">
            <column name="cGlAccount4" length="20" />
        </property>
        <property name="cglAccount5" type="string">
            <column name="cGlAccount5" length="20" />
        </property>
        <property name="ccostCenter" type="string">
            <column name="cCostCenter" length="20" />
        </property>
        <property name="ccostCenter2" type="string">
            <column name="cCostCenter2" length="20" />
        </property>
        <property name="ccostCenter3" type="string">
            <column name="cCostCenter3" length="20" />
        </property>
        <property name="ccostCenter4" type="string">
            <column name="cCostCenter4" length="20" />
        </property>
        <property name="ccostCenter5" type="string">
            <column name="cCostCenter5" length="20" />
        </property>
        <property name="cdiscountGroup" type="string">
            <column name="cDiscountGroup" length="10" />
        </property>
        <property name="cdep1" type="string">
            <column name="cDep1" length="20" />
        </property>
        <property name="cdep2" type="string">
            <column name="cDep2" length="20" />
        </property>
        <property name="cdep3" type="string">
            <column name="cDep3" length="20" />
        </property>
        <property name="fcrLimit" type="java.lang.Float">
            <column name="fCrLimit" precision="12" scale="0" />
        </property>
        <property name="icrLimitPeriod" type="java.lang.Short">
            <column name="iCrLimitPeriod" />
        </property>
        <property name="ltryLstSalePrice" type="java.lang.Boolean">
            <column name="lTryLstSalePrice" />
        </property>
        <property name="ltryLstPrchPrice" type="java.lang.Boolean">
            <column name="lTryLstPrchPrice" />
        </property>
        <property name="iprice" type="java.lang.Short">
            <column name="iPrice" />
        </property>
        <property name="fitemDiscountR" type="java.lang.Float">
            <column name="fItemDiscountR" precision="12" scale="0" />
        </property>
        <property name="fitemDiscountW" type="java.lang.Float">
            <column name="fItemDiscountW" precision="12" scale="0" />
        </property>
        <property name="fitemDiscountP" type="java.lang.Float">
            <column name="fItemDiscountP" precision="12" scale="0" />
        </property>
        <property name="fflatDiscountPer" type="java.lang.Float">
            <column name="fFlatDiscountPer" precision="12" scale="0" />
        </property>
        <property name="fflatDiscountVal" type="java.lang.Float">
            <column name="fFlatDiscountVal" precision="12" scale="0" />
        </property>
        <property name="fpayDiscount" type="java.lang.Float">
            <column name="fPayDiscount" precision="12" scale="0" />
        </property>
        <property name="fpayDiscountDays" type="java.lang.Short">
            <column name="fPayDiscountDays" />
        </property>
        <property name="cpriceDocMode" type="string">
            <column name="cPriceDocMode" length="3" />
        </property>
        <property name="cpriceDocNum" type="string">
            <column name="cPriceDocNum" length="12" />
        </property>
        <property name="lallowCredit" type="java.lang.Byte">
            <column name="lAllowCredit" />
        </property>
        <property name="icreditPeriod" type="java.lang.Short">
            <column name="iCreditPeriod" />
        </property>
        <property name="ldiscountFixed" type="java.lang.Boolean">
            <column name="lDiscountFixed" />
        </property>
        <property name="cuser1" type="string">
            <column name="cUser1" length="60" />
        </property>
        <property name="cuser2" type="string">
            <column name="cUser2" length="60" />
        </property>
        <property name="cuser3" type="string">
            <column name="cUser3" length="60" />
        </property>
        <property name="cuser4" type="string">
            <column name="cUser4" length="60" />
        </property>
        <property name="cuser5" type="string">
            <column name="cUser5" length="60" />
        </property>
        <property name="cuser6" type="string">
            <column name="cUser6" length="60" />
        </property>
        <property name="cuser7" type="string">
            <column name="cUser7" length="60" />
        </property>
        <property name="cuser8" type="string">
            <column name="cUser8" length="60" />
        </property>
        <property name="cuser9" type="string">
            <column name="cUser9" length="60" />
        </property>
        <property name="cuser10" type="string">
            <column name="cUser10" length="60" />
        </property>
        <property name="cuser11" type="string">
            <column name="cUser11" length="60" />
        </property>
        <property name="cuser12" type="string">
            <column name="cUser12" length="60" />
        </property>
        <property name="cuser13" type="string">
            <column name="cUser13" length="60" />
        </property>
        <property name="cuser14" type="string">
            <column name="cUser14" length="60" />
        </property>
        <property name="cuser15" type="string">
            <column name="cUser15" length="60" />
        </property>
        <property name="cuser16" type="string">
            <column name="cUser16" length="60" />
        </property>
        <property name="cuser17" type="string">
            <column name="cUser17" length="60" />
        </property>
        <property name="cuser18" type="string">
            <column name="cUser18" length="60" />
        </property>
        <property name="cuser19" type="string">
            <column name="cUser19" length="60" />
        </property>
        <property name="cuser20" type="string">
            <column name="cUser20" length="60" />
        </property>
        <property name="clongDesc" type="string">
            <column name="cLongDesc" length="1024" />
        </property>
        <property name="cemail" type="string">
            <column name="cEMail" length="80" />
        </property>
        <property name="cwebsite" type="string">
            <column name="cWebsite" length="128" />
        </property>
        <property name="ltaxExemp" type="java.lang.Boolean">
            <column name="lTaxExemp" />
        </property>
        <property name="ccodingGroup" type="string">
            <column name="cCodingGroup" length="20" />
        </property>
        <property name="isiteId" type="java.lang.Short">
            <column name="iSiteId" />
        </property>
        <property name="ltryLstPrchOprice" type="java.lang.Boolean">
            <column name="lTryLstPrchOPrice" />
        </property>
        <property name="tvcsX00" type="string">
            <column name="tvcs_x00" length="20" />
        </property>
        <property name="tvcsX01" type="string">
            <column name="tvcs_x01" length="52" />
        </property>
        <property name="vcsObjectid" type="string">
            <column name="vcsOBJECTID" length="32" />
        </property>
        <set name="TTrnsRHs" table="t_trns_r_h" inverse="true" lazy="true" fetch="select">
            <key>
                <column name="cVcCode" length="20" />
            </key>
            <one-to-many class="databaseConfig.TTrnsRH" />
        </set>
        <set name="TInBDs" table="t_in_b_d" inverse="true" lazy="true" fetch="select">
            <key>
                <column name="cVCCode" length="20" />
            </key>
            <one-to-many class="databaseConfig.TInBD" />
        </set>
        <set name="TTrnsBHs" table="t_trns_b_h" inverse="true" lazy="true" fetch="select">
            <key>
                <column name="cVcCode" length="20" />
            </key>
            <one-to-many class="databaseConfig.TTrnsBH" />
        </set>
        <set name="TOutRDs" table="t_out_r_d" inverse="true" lazy="true" fetch="select">
            <key>
                <column name="cVCCode" length="20" />
            </key>
            <one-to-many class="databaseConfig.TOutRD" />
        </set>
        <set name="TOutRHs" table="t_out_r_h" inverse="true" lazy="true" fetch="select">
            <key>
                <column name="cVcCode" length="20" />
            </key>
            <one-to-many class="databaseConfig.TOutRH" />
        </set>
        <set name="TInBHs" table="t_in_b_h" inverse="true" lazy="true" fetch="select">
            <key>
                <column name="cVcCode" length="20" />
            </key>
            <one-to-many class="databaseConfig.TInBH" />
        </set>
        <set name="TOutBDs" table="t_out_b_d" inverse="true" lazy="true" fetch="select">
            <key>
                <column name="cVCCode" length="20" />
            </key>
            <one-to-many class="databaseConfig.TOutBD" />
        </set>
        <set name="TInRDs" table="t_in_r_d" inverse="true" lazy="true" fetch="select">
            <key>
                <column name="cVCCode" length="20" />
            </key>
            <one-to-many class="databaseConfig.TInRD" />
        </set>
        <set name="TTrnsBDs" table="t_trns_b_d" inverse="true" lazy="true" fetch="select">
            <key>
                <column name="cVCCode" length="20" />
            </key>
            <one-to-many class="databaseConfig.TTrnsBD" />
        </set>
        <set name="TInRHs" table="t_in_r_h" inverse="true" lazy="true" fetch="select">
            <key>
                <column name="cVcCode" length="20" />
            </key>
            <one-to-many class="databaseConfig.TInRH" />
        </set>
        <set name="TOutBHs" table="t_out_b_h" inverse="true" lazy="true" fetch="select">
            <key>
                <column name="cVcCode" length="20" />
            </key>
            <one-to-many class="databaseConfig.TOutBH" />
        </set>
        <set name="TTrnsRDs" table="t_trns_r_d" inverse="true" lazy="true" fetch="select">
            <key>
                <column name="cVCCode" length="20" />
            </key>
            <one-to-many class="databaseConfig.TTrnsRD" />
        </set>
    </class>
</hibernate-mapping>
