<?xml version="1.0"?>
<!DOCTYPE hibernate-mapping PUBLIC "-//Hibernate/Hibernate Mapping DTD 3.0//EN"
"http://www.hibernate.org/dtd/hibernate-mapping-3.0.dtd">
<!-- Generated Jan 13, 2019 7:43:34 PM by Hibernate Tools 4.3.1 -->
<hibernate-mapping>
    <class name="databaseConfig.Wh" table="wh" catalog="agozaerp01" optimistic-lock="version">
        <comment>???????</comment>
        <id name="code" type="string">
            <column name="code" length="3" />
            <generator class="assigned" />
        </id>
        <many-to-one name="whgroup" class="databaseConfig.Whgroup" fetch="select">
            <column name="Group" length="20" />
        </many-to-one>
        <property name="nameAr" type="string">
            <column name="nameAr" length="45" />
        </property>
        <property name="nameEn" type="string">
            <column name="nameEn" length="45" />
        </property>
        <property name="note" type="string">
            <column name="Note" length="200" />
        </property>
        <property name="locationVal" type="string">
            <column name="LocationVal" length="45" />
        </property>
        <property name="locationAr" type="string">
            <column name="LocationAr" length="100" />
        </property>
        <property name="locationEn" type="string">
            <column name="LocationEn" length="100" />
        </property>
        <property name="stopReq" type="java.lang.Boolean">
            <column name="StopReq" />
        </property>
        <property name="stopDoc" type="java.lang.Boolean">
            <column name="StopDoc" />
        </property>
        <property name="stopRep" type="java.lang.Boolean">
            <column name="StopRep" />
        </property>
        <property name="outBalance" type="java.lang.Boolean">
            <column name="OutBalance">
                <comment>?????? ????? ???? ????</comment>
            </column>
        </property>
        <set name="TTrnsBHsForCware2" table="t_trns_b_h" inverse="true" lazy="true" fetch="select">
            <key>
                <column name="cWare2" length="3" />
            </key>
            <one-to-many class="databaseConfig.TTrnsBH" />
        </set>
        <set name="TInBDsForCware1" table="t_in_b_d" inverse="true" lazy="true" fetch="select">
            <key>
                <column name="cWare1" length="3" />
            </key>
            <one-to-many class="databaseConfig.TInBD" />
        </set>
        <set name="TTrnsBHsForCware1" table="t_trns_b_h" inverse="true" lazy="true" fetch="select">
            <key>
                <column name="cWare1" length="3" />
            </key>
            <one-to-many class="databaseConfig.TTrnsBH" />
        </set>
        <set name="TInRDsForCware1" table="t_in_r_d" inverse="true" lazy="true" fetch="select">
            <key>
                <column name="cWare1" length="3" />
            </key>
            <one-to-many class="databaseConfig.TInRD" />
        </set>
        <set name="doctypes" table="doctype" inverse="true" lazy="true" fetch="select">
            <key>
                <column name="wh" length="3" />
            </key>
            <one-to-many class="databaseConfig.Doctype" />
        </set>
        <set name="TInBHsForCware1" table="t_in_b_h" inverse="true" lazy="true" fetch="select">
            <key>
                <column name="cWare1" length="3" />
            </key>
            <one-to-many class="databaseConfig.TInBH" />
        </set>
        <set name="TOutBHsForCware2" table="t_out_b_h" inverse="true" lazy="true" fetch="select">
            <key>
                <column name="cWare2" length="3" />
            </key>
            <one-to-many class="databaseConfig.TOutBH" />
        </set>
        <set name="TTrnsBDsForCware1" table="t_trns_b_d" inverse="true" lazy="true" fetch="select">
            <key>
                <column name="cWare1" length="3" />
            </key>
            <one-to-many class="databaseConfig.TTrnsBD" />
        </set>
        <set name="TTrnsRDsForCware1" table="t_trns_r_d" inverse="true" lazy="true" fetch="select">
            <key>
                <column name="cWare1" length="3" />
            </key>
            <one-to-many class="databaseConfig.TTrnsRD" />
        </set>
        <set name="TTrnsBDsForCware2" table="t_trns_b_d" inverse="true" lazy="true" fetch="select">
            <key>
                <column name="cWare2" length="3" />
            </key>
            <one-to-many class="databaseConfig.TTrnsBD" />
        </set>
        <set name="TOutBDsForCware2" table="t_out_b_d" inverse="true" lazy="true" fetch="select">
            <key>
                <column name="cWare2" length="3" />
            </key>
            <one-to-many class="databaseConfig.TOutBD" />
        </set>
        <set name="TTrnsRHsForCware2" table="t_trns_r_h" inverse="true" lazy="true" fetch="select">
            <key>
                <column name="cWare2" length="3" />
            </key>
            <one-to-many class="databaseConfig.TTrnsRH" />
        </set>
        <set name="TOutRDsForCware1" table="t_out_r_d" inverse="true" lazy="true" fetch="select">
            <key>
                <column name="cWare1" length="3" />
            </key>
            <one-to-many class="databaseConfig.TOutRD" />
        </set>
        <set name="TTrnsRDsForCware2" table="t_trns_r_d" inverse="true" lazy="true" fetch="select">
            <key>
                <column name="cWare2" length="3" />
            </key>
            <one-to-many class="databaseConfig.TTrnsRD" />
        </set>
        <set name="TOutRHsForCware1" table="t_out_r_h" inverse="true" lazy="true" fetch="select">
            <key>
                <column name="cWare1" length="3" />
            </key>
            <one-to-many class="databaseConfig.TOutRH" />
        </set>
        <set name="TOutRHsForCware2" table="t_out_r_h" inverse="true" lazy="true" fetch="select">
            <key>
                <column name="cWare2" length="3" />
            </key>
            <one-to-many class="databaseConfig.TOutRH" />
        </set>
        <set name="TTrnsRHsForCware1" table="t_trns_r_h" inverse="true" lazy="true" fetch="select">
            <key>
                <column name="cWare1" length="3" />
            </key>
            <one-to-many class="databaseConfig.TTrnsRH" />
        </set>
        <set name="TInBHsForCware2" table="t_in_b_h" inverse="true" lazy="true" fetch="select">
            <key>
                <column name="cWare2" length="3" />
            </key>
            <one-to-many class="databaseConfig.TInBH" />
        </set>
        <set name="TInRHsForCware2" table="t_in_r_h" inverse="true" lazy="true" fetch="select">
            <key>
                <column name="cWare2" length="3" />
            </key>
            <one-to-many class="databaseConfig.TInRH" />
        </set>
        <set name="vcses" table="vcs" inverse="true" lazy="true" fetch="select">
            <key>
                <column name="cWarehouse" length="3" />
            </key>
            <one-to-many class="databaseConfig.Vcs" />
        </set>
        <set name="TInBDsForCware2" table="t_in_b_d" inverse="true" lazy="true" fetch="select">
            <key>
                <column name="cWare2" length="3" />
            </key>
            <one-to-many class="databaseConfig.TInBD" />
        </set>
        <set name="TOutBHsForCware1" table="t_out_b_h" inverse="true" lazy="true" fetch="select">
            <key>
                <column name="cWare1" length="3" />
            </key>
            <one-to-many class="databaseConfig.TOutBH" />
        </set>
        <set name="TInRDsForCware2" table="t_in_r_d" inverse="true" lazy="true" fetch="select">
            <key>
                <column name="cWare2" length="3" />
            </key>
            <one-to-many class="databaseConfig.TInRD" />
        </set>
        <set name="TOutRDsForCware2" table="t_out_r_d" inverse="true" lazy="true" fetch="select">
            <key>
                <column name="cWare2" length="3" />
            </key>
            <one-to-many class="databaseConfig.TOutRD" />
        </set>
        <set name="TOutBDsForCware1" table="t_out_b_d" inverse="true" lazy="true" fetch="select">
            <key>
                <column name="cWare1" length="3" />
            </key>
            <one-to-many class="databaseConfig.TOutBD" />
        </set>
        <set name="TInRHsForCware1" table="t_in_r_h" inverse="true" lazy="true" fetch="select">
            <key>
                <column name="cWare1" length="3" />
            </key>
            <one-to-many class="databaseConfig.TInRH" />
        </set>
    </class>
</hibernate-mapping>
