<?xml version="1.0"?>
<!DOCTYPE hibernate-mapping PUBLIC "-//Hibernate/Hibernate Mapping DTD 3.0//EN"
"http://www.hibernate.org/dtd/hibernate-mapping-3.0.dtd">
<!-- Generated Jan 13, 2019 7:43:34 PM by Hibernate Tools 4.3.1 -->
<hibernate-mapping>
    <class name="databaseConfig.Whgroup" table="whgroup" catalog="agozaerp01" optimistic-lock="version">
        <comment>??????? ???????</comment>
        <id name="code" type="string">
            <column name="code" length="20" />
            <generator class="assigned" />
        </id>
        <property name="nameAr" type="string">
            <column name="NameAr" length="45" />
        </property>
        <property name="nameEn" type="string">
            <column name="NameEn" length="45" />
        </property>
        <property name="note" type="string">
            <column name="Note" length="200" />
        </property>
        <property name="stopRep" type="java.lang.Boolean">
            <column name="StopRep" />
        </property>
        <property name="stopDoc" type="java.lang.Boolean">
            <column name="StopDoc" />
        </property>
        <property name="stopReq" type="java.lang.Boolean">
            <column name="StopReq" />
        </property>
        <set name="whs" table="wh" inverse="true" lazy="true" fetch="select">
            <key>
                <column name="Group" length="20" />
            </key>
            <one-to-many class="databaseConfig.Wh" />
        </set>
    </class>
</hibernate-mapping>
